year,co2,ch4,n2o,other_wmghg,o3,h2o_stratospheric,contrails,aerosol-radiation_interactions,aerosol-cloud_interactions,bc_on_snow,land_use,volcanic,solar,nonco2_wmghg,aerosol,chapter2_other_anthro,total_anthropogenic,total_natural,total,,,
1750,0,0,0,0,0,0,0,0,0,0,0,0.199978066,0.097590262,0,0,0,0,0.297568328,0.297568328,,,
1751,0.001416069,0.000508282,7.40E-05,7.96E-10,0.0003,4.67E-05,0,0.000600808,0.004673547,1.74E-05,-0.000229074,0.199990368,0.079243973,0.00058226,0.005274355,-0.000164917,0.007407766,0.279234341,0.286642108,0.00058226,0.005274355,-0.000211635
1752,0.002831801,0.001016257,0.000147946,1.59E-09,0.0006,9.34E-05,0,0.001246775,0.007281382,3.49E-05,-0.000458148,0.199994508,0.049166043,0.001164204,0.008528158,-0.000329849,0.012794313,0.249160551,0.261954864,,,
1753,0.004247196,0.001523925,0.000221906,2.39E-09,0.0009,0.000140071,0,0.000536522,0.004741737,5.23E-05,-0.000687222,0.199995892,0.012988284,0.001745833,0.005278258,-0.000494858,0.011676429,0.212984176,0.224660605,,,
1754,0.005662254,0.002031287,0.000295859,3.18E-09,0.0012,0.000186705,0,-0.000874664,-0.001999722,6.97E-05,-0.000916296,0.199996357,-0.021426608,0.002327149,-0.002874386,-0.000659883,0.005655133,0.178569749,0.184224882,,,
1755,0.007076975,0.002538343,0.000369803,3.98E-09,0.0015,0.000233311,0,0.000584558,0.001293127,8.71E-05,-0.001145369,0.173027884,-0.045903927,0.00290815,0.001877684,-0.000824954,0.012537855,0.127123956,0.139661812,,,
1756,0.00849136,0.003045094,0.00044374,4.77E-09,0.0018,0.000279889,0,0.000181816,0.004471208,0.000109854,-0.001374443,-0.077672576,-0.053485812,0.003488838,0.004653024,-0.000984701,0.017448521,-0.131158388,-0.113709867,,,
1757,0.009905408,0.00355154,0.000517668,5.57E-09,0.0021,0.000326438,0,0.000450482,-0.005491773,0.000127215,-0.001603517,0.066351195,-0.034343893,0.004069213,-0.005041292,-0.001149863,0.009883466,0.032007301,0.041890767,,,
1758,0.01131912,0.004057682,0.000591588,6.37E-09,0.0024,0.00037296,0,0.000463808,-0.001830206,0.000144559,-0.001832591,0.153268066,0.017013236,0.004649276,-0.001366398,-0.001315072,0.015686926,0.170281302,0.185968228,,,
1759,0.012732496,0.00456352,0.0006655,7.16E-09,0.0027,0.000419454,0,-0.000160438,-0.002643909,0.000161884,-0.002061665,0.184216499,0.067512332,0.005229027,-0.002804347,-0.001480326,0.01637685,0.251728831,0.268105681,,,
1760,0.014145536,0.005069055,0.000739404,7.96E-09,0.003,0.00046592,0,-0.001401184,-0.00678171,0.000179161,-0.002290739,0.194692096,0.092395267,0.005808467,-0.008182894,-0.001645657,0.013125452,0.287087363,0.300212815,,,
1761,0.015558241,0.005574287,0.0008133,8.75E-09,0.0033,0.000512359,0,-5.10E-05,-0.005145192,0.000201527,-0.002519813,0.198214589,0.086248636,0.006387596,-0.005196146,-0.001805927,0.018243763,0.284463225,0.302706988,,,
1762,0.01697061,0.006079216,0.000887188,9.55E-09,0.0036,0.000558769,0,-0.000670317,-0.001573338,0.000215898,-0.002748887,-0.806271446,0.064158206,0.006966414,-0.002243656,-0.00197422,0.023319149,-0.742113239,-0.718794091,,,
1763,0.018382644,0.006583844,0.000961068,1.03E-08,0.0039,0.000605152,0,-0.000452775,-0.00183111,0.00023025,-0.002977961,-0.495250595,0.030819754,0.007544923,-0.002283885,-0.002142559,0.025401123,-0.464430841,-0.439029718,,,
1764,0.019794342,0.007088171,0.00103494,1.11E-08,0.0042,0.000651507,0,0.001833799,0.008002684,0.000244585,-0.003207034,-0.049791932,-0.005935226,0.008123122,0.009836483,-0.002310943,0.039643005,-0.055727159,-0.016084154,,,
1765,0.021205706,0.007592196,0.001108804,1.19E-08,0.0045,0.000697834,0,-0.000706427,-0.004603439,0.000258902,-0.003436108,0.115351391,-0.035779147,0.008701012,-0.005309866,-0.002479372,0.02661748,0.079572243,0.106189724,,,
1766,0.022616735,0.008095921,0.00118266,1.27E-08,0.0048,0.000744134,0,0.000815317,0.000707445,0.000283818,-0.003665182,-0.20472549,-0.049897677,0.009278594,0.001522762,-0.002637231,0.03558086,-0.254623168,-0.219042307,,,
1767,0.024027429,0.008599346,0.001256508,1.35E-08,0.0051,0.000790406,0,0.00065604,0.000108771,0.000298099,-0.003894256,-0.262005657,-0.036715182,0.009855868,0.000764811,-0.002805751,0.036942357,-0.29872084,-0.261778483,,,
1768,0.025437789,0.009102472,0.001330348,1.43E-08,0.0054,0.00083665,0,-0.000632181,-0.012373115,0.000312363,-0.00412333,0.026420788,0.019446927,0.010432834,-0.013005296,-0.002974317,0.02529101,0.045867715,0.071158725,,,
1769,0.026847815,0.009605299,0.001404179,1.51E-08,0.0057,0.000882868,0,-0.000615405,-0.006228795,0.000326609,-0.004352404,0.140854668,0.085593411,0.011009493,-0.0068442,-0.003142928,0.03357018,0.22644808,0.26001826,,,
1770,0.028257506,0.010107827,0.001478003,1.59E-08,0.006,0.000929057,0,-0.00061073,-0.006496589,0.000340837,-0.004581478,0.033996593,0.117262601,0.011585846,-0.007107319,-0.003311584,0.03542445,0.151259194,0.186683644,,,
1771,0.029666864,0.010610057,0.001551819,1.67E-08,0.0063,0.00097522,0,0.000658387,0.001823868,0.000424236,-0.004810552,0.092364024,0.109711917,0.012161893,0.002482255,-0.003411096,0.047199915,0.202075941,0.249275857,,,
1772,0.031075888,0.01111199,0.001625627,1.75E-08,0.0066,0.001021355,0,0.001391046,0.005471857,0.000496419,-0.005039626,0.161483452,0.086779056,0.012737634,0.006862903,-0.003521852,0.053754572,0.248262508,0.30201708,,,
1773,0.032484578,0.011613625,0.001699426,1.83E-08,0.0069,0.001067462,0,0.000970399,0.003942088,0.000568554,-0.005268699,0.186952381,0.050835306,0.01331307,0.004912487,-0.003632684,0.053977451,0.237787686,0.291765137,,,
1774,0.033892935,0.012114964,0.001773218,1.91E-08,0.0072,0.001113543,0,-0.000879843,-0.008238385,0.000640641,-0.005497773,0.195610024,0.010086575,0.013888201,-0.009118228,-0.00374359,0.042119319,0.205696599,0.247815918,,,
1775,0.035300958,0.012616007,0.001847002,1.99E-08,0.0075,0.001159596,0,0.000878345,-0.003450319,0.000712681,-0.005726847,0.198522881,-0.025638766,0.014463028,-0.002571973,-0.00385457,0.050837443,0.172884115,0.223721558,,,
1776,0.036708649,0.013116753,0.001920777,2.07E-08,0.0078,0.001205622,0,0.000495967,0.000830594,0.000796456,-0.005955921,0.199501557,-0.046793161,0.015037551,0.001326561,-0.003953843,0.056918918,0.152708396,0.209627314,,,
1777,0.038116007,0.013617205,0.001994545,2.15E-08,0.0081,0.00125162,0,0.001167707,-0.005317884,0.000868401,-0.006184995,0.199830301,-0.042986618,0.015611772,-0.004150177,-0.004064974,0.053612627,0.156843683,0.210456311,,,
1778,0.039523031,0.014117362,0.002068305,2.23E-08,0.0084,0.001297592,0,0.000869444,-0.00960609,0.000940298,-0.006414069,0.199940734,0.001646658,0.016185689,-0.008736647,-0.004176178,0.051195895,0.201587393,0.252783288,,,
1779,0.040929724,0.014617224,0.002142057,2.31E-08,0.0087,0.001343537,0,0.000848229,-0.004261162,0.001012148,-0.006643143,0.199977834,0.07305054,0.016759304,-0.003412933,-0.004287458,0.058688637,0.273028374,0.331717011,,,
1780,0.042336084,0.015116793,0.0022158,2.39E-08,0.009,0.001389455,0,-0.000536844,-0.011086656,0.001125203,-0.006872217,0.199990297,0.115827347,0.017332617,-0.011623501,-0.004357559,0.052687641,0.315817644,0.368505284,,,
1781,0.043742112,0.015616068,0.002289536,2.47E-08,0.0093,0.001435345,0,0.000897247,-0.007963411,0.001165637,-0.007101291,0.199994485,0.115671341,0.017905629,-0.007066165,-0.004500308,0.059381268,0.315665826,0.375047093,,,
1782,0.045147808,0.01611505,0.002363264,2.55E-08,0.0096,0.001481209,0,0.000107435,-0.005716968,0.001193721,-0.007330364,0.199995887,0.091381229,0.01847834,-0.005609533,-0.004655434,0.062961181,0.291377116,0.354338297,,,
1783,0.046553172,0.01661374,0.002436984,2.63E-08,0.0099,0.001527046,0,0.00033194,-0.003911862,0.001221806,-0.007559438,-1.792085248,0.054517044,0.01905075,-0.003579922,-0.004810586,0.067113413,-1.737568204,-1.670454791,,,
1784,0.047958204,0.017112138,0.002510696,2.71E-08,0.0102,0.001572856,0,0.002540111,0.002461668,0.001247585,-0.007788512,-3.881461175,0.010991409,0.01962286,0.005001779,-0.004968072,0.077814772,-3.870469765,-3.792654993,,,
1785,0.049362905,0.017610244,0.0025844,2.79E-08,0.0105,0.001618639,0,0.000180583,-0.006229737,0.001277111,-0.008017586,-1.476096235,-0.025701169,0.020194671,-0.006049154,-0.005121836,0.068886586,-1.501797403,-1.432910817,,,
1786,0.050767274,0.018108058,0.002658096,2.86E-08,0.0108,0.001664396,0,0.001583622,-0.001945719,0.001325282,-0.00824666,-0.547803265,-0.044999093,0.020766183,-0.000362097,-0.005256982,0.076714378,-0.592802358,-0.51608798,,,
1787,0.052171313,0.018605583,0.002731784,2.94E-08,0.0111,0.001710125,0,0.001161425,-0.006496281,0.001352873,-0.008475734,-0.113225751,-0.031301779,0.021337396,-0.005334856,-0.005412736,0.073861117,-0.14452753,-0.070666413,,,
1788,0.05357502,0.019102816,0.002805464,3.02E-08,0.0114,0.001755828,0,9.80E-05,-0.018128944,0.001395689,-0.008704808,0.091961834,0.037309598,0.021908311,-0.018030952,-0.00555329,0.063299088,0.129271432,0.19257052,,,
1789,0.054978397,0.01959976,0.002879136,3.10E-08,0.0117,0.001801505,0,0.000139149,-0.011680032,0.001423371,-0.008933882,0.163578309,0.117449808,0.022478928,-0.011540883,-0.005709006,0.071907435,0.281028117,0.352935552,,,
1790,0.056381443,0.020096415,0.0029528,3.18E-08,0.012,0.001847155,0,0.000174571,-0.012744976,0.001453639,-0.009162956,0.187757471,0.144626029,0.023049247,-0.012570405,-0.005862162,0.072998123,0.332383499,0.405381622,,,
1791,0.057784158,0.020592781,0.003026457,3.26E-08,0.0123,0.001892778,0,0.00108641,-0.004904594,0.001476394,-0.009392029,0.195885085,0.130523099,0.02361927,-0.003818184,-0.006022857,0.083862387,0.326408184,0.410270571,,,
1792,0.059186543,0.021088858,0.003100105,3.34E-08,0.0126,0.001938375,0,0.00174318,-0.001950147,0.001474002,-0.009621103,0.198615488,0.112348416,0.024188997,-0.000206967,-0.006208726,0.089559847,0.310963904,0.40052375,,,
1793,0.060588598,0.021584648,0.003173746,3.42E-08,0.0129,0.001983945,0,0.001111125,-0.002264544,0.001479555,-0.009850177,0.199532669,0.08156846,0.024758428,-0.001153419,-0.006386678,0.090706929,0.281101129,0.371808058,,,
1794,0.061990323,0.022080149,0.003247378,3.50E-08,0.0132,0.002029489,0,-0.000862018,-0.0147578,0.00147841,-0.010079251,0.199840762,0.045702713,0.025327563,-0.015619818,-0.006571353,0.078326716,0.245543475,0.323870191,,,
1795,0.063391718,0.022575364,0.003321003,3.58E-08,0.0135,0.002075006,0,0.000665626,-0.009943678,0.001480882,-0.010308325,0.199944254,0.00780889,0.025896403,-0.009278052,-0.006752437,0.086757632,0.207753144,0.294510775,,,
1796,0.064792784,0.023070292,0.00339462,3.66E-08,0.0138,0.002120498,0,-2.25E-05,-0.00482052,0.001485587,-0.010537399,0.055970543,-0.026059982,0.026464948,-0.004843004,-0.006931315,0.093283413,0.029910561,0.123193974,,,
1797,0.06619352,0.023564934,0.003468228,3.74E-08,0.0141,0.002165962,0,0.000742277,-0.011270142,0.001499316,-0.010766473,-0.053955853,-0.051098923,0.027033199,-0.010527865,-0.007101194,0.08969766,-0.105054775,-0.015357115,,,
1798,0.067593927,0.024059289,0.003541829,3.82E-08,0.0144,0.002211401,0,0.000386788,-0.014923987,0.001512173,-0.010995547,0.05753317,-0.063329782,0.027601157,-0.0145372,-0.007271972,0.087785912,-0.005796612,0.0819893,,,
1799,0.068994005,0.02455336,0.003615422,3.90E-08,0.0147,0.002256813,0,-0.000335051,-0.012889983,0.001530724,-0.011224621,0.149543034,-0.060802487,0.028168821,-0.013225035,-0.007437084,0.091200708,0.088740547,0.179941255,,,
1800,0.070393754,0.025047145,0.003689008,3.98E-08,0.015,0.002302199,0,-0.001440085,-0.016536026,0.001544179,-0.0114585,0.182930525,-0.042596603,0.028736193,-0.017976111,-0.007612122,0.088541713,0.140333922,0.228875635,,,
1801,0.071793174,0.025540646,0.003762585,4.06E-08,0.0153,0.002347559,0,-3.92E-05,-0.013782806,0.001607514,-0.011696886,0.194258535,-0.012721481,0.029303272,-0.013822042,-0.007741813,0.094832591,0.181537054,0.276369645,,,
1802,0.073192265,0.026033863,0.003836154,4.14E-08,0.0156,0.002392893,0,-0.001156567,-0.0139642,0.001695529,-0.011935272,0.198068871,0.015421976,0.029870059,-0.015120767,-0.00784685,0.095694707,0.213490847,0.309185554,,,
1803,0.074591028,0.026526796,0.003909716,4.22E-08,0.0159,0.002438201,0,-0.000591373,-0.009475843,0.001751527,-0.012173658,0.199349047,0.03258262,0.030436554,-0.010067216,-0.00798393,0.102876437,0.231931667,0.334808104,,,
1804,0.075989463,0.027019446,0.003983269,4.30E-08,0.0162,0.002483483,0,0.001307206,-0.007444193,0.00183855,-0.012412043,0.199779077,0.034860306,0.031002759,-0.006136987,-0.008090011,0.108965224,0.234639383,0.343604607,,,
1805,0.077387569,0.027511814,0.004056815,4.38E-08,0.0165,0.002528738,0,-0.000870941,-0.014633391,0.001884736,-0.012650429,0.199923531,0.026311185,0.031568672,-0.015504333,-0.008236955,0.101714955,0.226234716,0.327949671,,,
1806,0.078785348,0.028003898,0.004130353,4.46E-08,0.0168,0.002573968,0,0.000365066,-0.012631749,0.001957266,-0.012888815,0.199972049,0.011833841,0.032134296,-0.012266683,-0.008357581,0.10709538,0.21180589,0.31890127,,,
1807,0.080182799,0.028495701,0.004203883,4.54E-08,0.0171,0.002619172,0,-4.85E-05,-0.015770549,0.002020699,-0.013127201,0.19998835,-0.008212912,0.03269963,-0.015819039,-0.00848733,0.10567606,0.191775438,0.297451498,,,
1808,0.081579922,0.028987223,0.004277405,4.62E-08,0.0174,0.00266435,0,-0.000877049,-0.027035347,0.002073786,-0.013365586,0.199993825,-0.029866525,0.033264674,-0.027912396,-0.008627451,0.09570475,0.1701273,0.26583205,,,
1809,0.082976718,0.029478463,0.00435092,4.70E-08,0.0177,0.002709502,0,-0.001090724,-0.021487029,0.002132739,-0.013603972,-3.746059499,-0.049382858,0.03382943,-0.022577753,-0.008761731,0.103166664,-3.795442357,-3.692275692,,,
1810,0.084373187,0.029969423,0.004424426,4.77E-08,0.018,0.002754629,0,-0.001137746,-0.023137441,0.002221361,-0.013842358,-2.57732827,-0.062799362,0.034393897,-0.024275188,-0.008866368,0.103625528,-2.640127632,-2.536502104,,,
1811,0.085769329,0.030460102,0.004497925,4.85E-08,0.0183,0.002799729,0,-0.000173818,-0.017387191,0.002264094,-0.014080744,-0.797852262,-0.067495138,0.034958075,-0.017561009,-0.009016921,0.112449474,-0.865347401,-0.752897926,,,
1812,0.087165143,0.030950502,0.004571415,4.93E-08,0.0186,0.002844804,0,0.00039368,-0.012812548,0.00229659,-0.014319129,-0.138142679,-0.06222214,0.035521967,-0.012418868,-0.009177735,0.119690506,-0.20036482,-0.080674313,,,
1813,0.088560631,0.031440622,0.004644898,5.01E-08,0.0189,0.002889853,0,-0.000425826,-0.015089167,0.002320999,-0.014557515,0.086277768,-0.046543551,0.036085571,-0.015514993,-0.009346663,0.118684546,0.039734217,0.158418763,,,
1814,0.089955793,0.031930464,0.004718373,5.09E-08,0.0192,0.002934877,0,-0.002279069,-0.026989182,0.002349183,-0.014795901,0.161791115,-0.025638766,0.036648888,-0.029268251,-0.009511841,0.107024588,0.136152349,0.243176937,,,
1815,0.091350628,0.032420026,0.004791841,5.17E-08,0.0195,0.002979875,0,-0.000835019,-0.023259469,0.002384588,-0.015034287,-3.719522573,-0.006668454,0.037211919,-0.024094488,-0.009669823,0.114298235,-3.726191027,-3.611892792,,,
1816,0.092745136,0.032909311,0.0048653,5.25E-08,0.0198,0.003024847,0,-0.001623226,-0.021535552,0.002444129,-0.01535772,-4.816199118,0.004938382,0.037774664,-0.023158778,-0.009888744,0.117272278,-4.811260736,-4.693988458,,,
1817,0.094139319,0.033398318,0.004938752,5.33E-08,0.0201,0.003069794,0,-0.000805974,-0.02434365,0.00247801,-0.015727943,-1.694761301,0.006685648,0.038337123,-0.025149625,-0.010180139,0.117246678,-1.688075653,-1.570828975,,,
1818,0.095533176,0.033887048,0.005012196,5.41E-08,0.0204,0.003114716,0,-0.001279869,-0.030627766,0.002500024,-0.016098166,-0.445789927,-0.000662228,0.038899297,-0.031907635,-0.010483427,0.112441411,-0.446452155,-0.334010744,,,
1819,0.096926706,0.0343755,0.005085632,5.49E-08,0.0207,0.003159612,0,-0.001537657,-0.026880662,0.002560783,-0.016468389,-0.01735374,-0.014063132,0.039461187,-0.028418319,-0.010747994,0.11792158,-0.031416872,0.086504708,,,
1820,0.098319912,0.034863677,0.00515906,5.57E-08,0.021,0.003204482,0,-0.002899237,-0.032048537,0.00259895,-0.016838611,0.126967002,-0.031379782,0.040022792,-0.034947774,-0.011035179,0.113359751,0.09558722,0.208946971,,,
1821,0.099712792,0.035351577,0.00523248,5.65E-08,0.0213,0.003249327,0,-0.001617908,-0.030800478,0.002689762,-0.017208834,0.060677509,-0.047978805,0.040584113,-0.032418386,-0.011269745,0.117908775,0.012698704,0.130607478,,,
1822,0.101105347,0.035839201,0.005305893,5.73E-08,0.0216,0.003294147,0,-0.002845105,-0.029224386,0.00278058,-0.017579057,0.066296768,-0.059398434,0.041145151,-0.032069491,-0.01150433,0.120276677,0.006898334,0.127175011,,,
1823,0.102497576,0.036326551,0.005379297,5.81E-08,0.0219,0.003338942,0,-0.002107863,-0.024893185,0.00289775,-0.017949279,-0.306481259,-0.061800925,0.041705906,-0.027001047,-0.011712587,0.127389848,-0.368282184,-0.240892336,,,
1824,0.103889481,0.036813625,0.005452694,5.89E-08,0.0222,0.003383711,0,-0.000373941,-0.024691492,0.002999903,-0.018324278,-0.03936311,-0.050178488,0.042266379,-0.025065434,-0.011940664,0.131349762,-0.089541598,0.041808164,,,
1825,0.105281061,0.037300426,0.005526083,5.97E-08,0.0225,0.003428455,0,-0.002286255,-0.030485719,0.003100871,-0.018731523,0.116444052,-0.020240964,0.042826569,-0.032771974,-0.012202197,0.125633459,0.096203088,0.221836547,,,
1826,0.106672316,0.037786952,0.005599465,6.05E-08,0.0228,0.003473174,0,-0.001171363,-0.027467736,0.003187971,-0.019138768,0.171787267,0.01314429,0.043386477,-0.028639099,-0.012477622,0.131742073,0.184931558,0.31667363,,,
1827,0.108063247,0.038273204,0.005672838,6.13E-08,0.0231,0.003517868,0,-0.00134576,-0.031252014,0.003314893,-0.019546013,0.190514267,0.037543607,0.043946104,-0.032597774,-0.012713252,0.129798325,0.228057874,0.357856199,,,
1828,0.109453854,0.038759184,0.005746204,6.21E-08,0.0234,0.003562536,0,-0.002607009,-0.043692233,0.003388332,-0.019953258,0.196811081,0.044953885,0.04450545,-0.046299242,-0.013002389,0.118057673,0.241764966,0.359822639,,,
1829,0.110844137,0.03924489,0.005819562,6.29E-08,0.0237,0.00360718,0,-0.002717796,-0.03841667,0.003459905,-0.020360502,0.198926532,0.035921146,0.045064516,-0.041134465,-0.013293418,0.12518077,0.234847678,0.360028448,,,
1830,0.112234096,0.039730325,0.005892913,6.37E-08,0.024,0.003651798,0,-0.003114672,-0.042579218,0.003670178,-0.020767747,0.199637148,0.016186405,0.045623301,-0.045693891,-0.013445771,0.122717735,0.215823552,0.338541287,,,
1831,0.113623731,0.040215487,0.005966255,6.45E-08,0.0243,0.003696392,0,-0.002034144,-0.034463405,0.003725428,-0.021174992,-2.50056224,-0.010365793,0.046181806,-0.036497549,-0.013753173,0.133854815,-2.510928033,-2.377073217,,,
1832,0.115013042,0.040700378,0.00603959,6.53E-08,0.0246,0.003740961,0,-0.001524128,-0.032328886,0.003786939,-0.021616508,-1.671704028,-0.035482736,0.046740033,-0.033853014,-0.014088608,0.138411453,-1.707186764,-1.568775311,,,
1833,0.11640203,0.041184997,0.006112917,6.61E-08,0.0249,0.003785504,0,-0.002384438,-0.034570456,0.003860643,-0.022112284,-0.472499954,-0.051052121,0.04729798,-0.036954893,-0.014466136,0.137178981,-0.523552075,-0.386373094,,,
1834,0.117790695,0.041669346,0.006186236,6.68E-08,0.0252,0.003830023,0,-0.003976074,-0.045291123,0.003982548,-0.02260806,-0.027891774,-0.048509225,0.047855649,-0.049267197,-0.014795489,0.126783657,-0.076400999,0.050382658,,,
1835,0.119179037,0.042153424,0.006259548,6.76E-08,0.0255,0.003874517,0,-0.002390646,-0.040854247,0.004099358,-0.023103836,-1.854586605,-0.015155173,0.048413039,-0.043244893,-0.015129961,0.134717222,-1.869741777,-1.735024556,,,
1836,0.120567056,0.042637233,0.006332851,6.84E-08,0.0258,0.003918986,0,-0.003449447,-0.043066603,0.004302379,-0.023599612,-1.192767438,0.043861844,0.048970152,-0.04651605,-0.015378248,0.13344291,-1.148905594,-1.015462684,,,
1837,0.121954752,0.043120771,0.006406147,6.92E-08,0.0261,0.00396343,0,-0.002513814,-0.045729675,0.004385836,-0.024095388,-0.299805039,0.087793094,0.049526988,-0.048243489,-0.015746122,0.133592128,-0.212011945,-0.078419817,,,
1838,0.123342125,0.043604041,0.006479435,7.00E-08,0.0264,0.00400785,0,-0.002902637,-0.051523065,0.004481203,-0.024591165,0.030655116,0.099618338,0.050083547,-0.054425702,-0.016102111,0.129297858,0.130273455,0.259571312,,,
1839,0.124729176,0.044087042,0.006552716,7.08E-08,0.0267,0.004052245,0,-0.00335863,-0.04913003,0.004574082,-0.025086941,0.143046911,0.085936624,0.050639829,-0.05248866,-0.016460614,0.133119731,0.228983535,0.362103266,,,
1840,0.126115905,0.044569774,0.006625989,7.16E-08,0.027,0.004096615,0,-0.004570856,-0.050557928,0.004710932,-0.025582717,0.180863574,0.063502982,0.051195835,-0.055128783,-0.01677517,0.132407786,0.244366555,0.376774341,,,
1841,0.127502312,0.045052239,0.006699254,7.24E-08,0.0273,0.00414096,0,-0.003618437,-0.054684512,0.004818426,-0.026101341,0.193569468,0.03071055,0.051751565,-0.058302949,-0.017141955,0.131108973,0.224280018,0.355388991,,,
1842,0.128888396,0.045534436,0.006772511,7.32E-08,0.0276,0.004185281,0,-0.004880747,-0.05199726,0.004831907,-0.026644335,0.197837646,-0.004141159,0.05230702,-0.056878007,-0.017627146,0.134290263,0.193696488,0.327986751,,,
1843,0.130274159,0.046016366,0.006845761,7.40E-08,0.0279,0.004229578,0,-0.004363545,-0.045895533,0.004961588,-0.027187328,0.199271383,-0.034468698,0.0528622,-0.050259078,-0.017996162,0.14278112,0.164802685,0.307583805,,,
1844,0.131659601,0.046498028,0.006919003,7.48E-08,0.0282,0.004273849,0,-0.0029201,-0.047056417,0.005109796,-0.027730321,0.199752984,-0.053002194,0.053417106,-0.049976517,-0.018346676,0.144953514,0.14675079,0.291704303,,,
1845,0.133044721,0.046979425,0.006992237,7.56E-08,0.0285,0.004318097,0,-0.005029083,-0.055582068,0.005309169,-0.028273315,0.199914768,-0.054250241,0.053971737,-0.060611151,-0.018646049,0.136259258,0.145664527,0.281923785,,,
1846,0.134429519,0.047460555,0.007065463,7.64E-08,0.0288,0.00436232,0,-0.003722443,-0.052535625,0.005460968,-0.028816308,-0.002477614,-0.041878976,0.054526095,-0.056258068,-0.01899302,0.142504526,-0.04435659,0.098147936,,,
1847,0.135813997,0.04794142,0.007138682,7.72E-08,0.0291,0.004406518,0,-0.004288641,-0.060633383,0.005699094,-0.029359301,0.060106771,-0.029538913,0.055080179,-0.064922024,-0.019253689,0.135818463,0.030567858,0.166386321,,,
1848,0.137198153,0.048422019,0.007211893,7.80E-08,0.0294,0.004450692,0,-0.005684087,-0.070991029,0.005738675,-0.029902295,0.149738416,-0.017167648,0.05563399,-0.076675115,-0.019712927,0.125844101,0.132570768,0.258414869,,,
1849,0.138581989,0.048902354,0.007285096,7.88E-08,0.0297,0.004494842,0,-0.005711585,-0.06801347,0.005860967,-0.030501965,0.182965737,-0.004796384,0.056187529,-0.073725054,-0.020146156,0.130598308,0.178169353,0.308767661,,,
1850,0.139965504,0.049382424,0.007358292,7.96E-08,0.03,0.004538968,0,-0.006274581,-0.071939416,0.006075004,-0.031204657,0.194332728,0.007528079,0.056740796,-0.078213997,-0.020590685,0.127901618,0.201860807,0.329762425,,,
1851,0.142307286,0.049485504,0.007656127,8.23E-08,0.031016167,0.004548442,0,-0.00506257,-0.063394838,0.00615802,-0.031907349,0.197859192,0.002067874,0.057141714,-0.068457408,-0.021200887,0.14080687,0.199927066,0.340733936,,,
1852,0.144955594,0.049946533,0.00795354,8.53E-08,0.032032333,0.004590818,0,-0.004534957,-0.059717873,0.00630124,-0.032610041,0.191554105,0.001256644,0.057900158,-0.06425283,-0.021717984,0.14891727,0.192810749,0.341728019,,,
1853,0.147333885,0.05070797,0.008331402,8.84E-08,0.0330485,0.004660805,0,-0.00511671,-0.063693781,0.006460089,-0.033312734,0.01098643,-0.008868136,0.059039461,-0.068810491,-0.02219184,0.148419514,0.002118294,0.150537808,,,
1854,0.149366409,0.051521954,0.008720228,9.15E-08,0.034064667,0.004735622,0,-0.00710119,-0.078978551,0.006819758,-0.034015426,-0.022960512,-0.022721457,0.060242274,-0.086079742,-0.022460046,0.135133562,-0.045681969,0.089451593,,,
1855,0.151014296,0.052500998,0.009138308,9.46E-08,0.035080833,0.00482561,0,-0.005622643,-0.07347829,0.006921731,-0.034718118,0.118022357,-0.031254977,0.0616394,-0.079100933,-0.022970777,0.145662821,0.08676738,0.232430201,,,
1856,0.152910976,0.053396164,0.009559758,9.77E-08,0.036097,0.004907889,0,-0.006928442,-0.073991206,0.00709936,-0.03542081,0.128167035,-0.033641867,0.06295602,-0.080919648,-0.023413561,0.147630787,0.094525169,0.242155955,,,
1857,0.155707748,0.054407282,0.009940783,1.01E-07,0.037113167,0.005000826,0,-0.006298137,-0.081186179,0.007166428,-0.036123502,-0.057672927,-0.027666842,0.064348166,-0.087484316,-0.023956249,0.145728515,-0.08533977,0.060388746,,,
1858,0.15869438,0.055567448,0.01026284,1.04E-07,0.038129333,0.005107462,0,-0.006643426,-0.085336601,0.007237694,-0.036826194,0.087809164,-0.010802609,0.065830392,-0.091980027,-0.024481038,0.146193039,0.077006555,0.223199595,,,
1859,0.161890886,0.056809547,0.010797358,1.07E-07,0.0391455,0.005221629,0,-0.007739939,-0.086468105,0.007443181,-0.037528886,0.162295882,0.003456326,0.067607012,-0.094208043,-0.024864076,0.149571278,0.165752208,0.315323486,,,
1860,0.165429533,0.057974039,0.011412294,1.10E-07,0.040161667,0.005328663,0,-0.009147337,-0.090009988,0.00768742,-0.038231578,0.187949291,0.014033524,0.069386443,-0.099157325,-0.025215496,0.150604823,0.201982815,0.352587638,,,
1861,0.168966028,0.059240339,0.012111024,1.13E-07,0.041177833,0.005445054,0,-0.007920148,-0.090313831,0.007859408,-0.038934271,0.107672012,0.011911844,0.071351477,-0.09823398,-0.025629808,0.15763155,0.119583856,0.277215407,,,
1862,0.17198431,0.060833003,0.012779899,1.27E-07,0.042194,0.005591444,0,-0.009013631,-0.0899011,0.007970724,-0.039636963,-0.700605334,-0.000350217,0.073613028,-0.098914731,-0.026074795,0.162801812,-0.700955551,-0.538153739,,,
1863,0.175077466,0.062728656,0.013371333,1.30E-07,0.043210167,0.005765682,0,-0.008837829,-0.085954605,0.008237165,-0.040339655,-0.295583145,-0.007542087,0.076100119,-0.094792433,-0.026336808,0.173258511,-0.303125232,-0.129866721,,,
1864,0.178169027,0.064801278,0.013940418,1.33E-07,0.044226333,0.005956186,0,-0.007883477,-0.089201912,0.008504815,-0.041042347,0.033565922,-0.014593551,0.07874183,-0.09708539,-0.026581346,0.177470454,0.018972371,0.196442825,,,
1865,0.181278755,0.066780218,0.014549326,1.36E-07,0.0452425,0.00613808,0,-0.01009789,-0.101392977,0.008729929,-0.041745039,0.149773953,-0.020272165,0.081329681,-0.111490866,-0.02687703,0.16948304,0.129501788,0.298984828,,,
1866,0.184290807,0.06886116,0.015187136,1.40E-07,0.046258667,0.006329349,0,-0.009320472,-0.09822301,0.008871787,-0.042447731,0.18413369,-0.023158273,0.084048436,-0.107543482,-0.027246596,0.179807832,0.160975417,0.340783249,,,
1867,0.187434553,0.071035757,0.015813546,1.53E-07,0.047274833,0.006529226,0,-0.01049076,-0.109234439,0.009267643,-0.043150423,0.195330366,-0.027542038,0.086849456,-0.119725198,-0.027353555,0.174480089,0.167788328,0.342268417,,,
1868,0.190120187,0.072979088,0.016487324,1.56E-07,0.048291,0.006707847,0,-0.011682592,-0.120357703,0.009429428,-0.043853115,0.198994665,-0.01776047,0.089466568,-0.132040295,-0.027715841,0.168121619,0.181234194,0.349355813,,,
1869,0.192232708,0.074696256,0.017131705,1.60E-07,0.049307167,0.006865679,0,-0.011978523,-0.116062553,0.009681236,-0.044896619,0.200196288,8.66E-05,0.091828121,-0.128041076,-0.028349704,0.176977216,0.200282887,0.377260104,,,
1870,0.19453508,0.076068098,0.017736139,1.63E-07,0.050323333,0.006991772,0,-0.013003718,-0.124308536,0.009934126,-0.046155376,0.200591377,0.001475052,0.0938044,-0.137312255,-0.029229478,0.172121081,0.202066429,0.374187509,,,
1871,0.19700725,0.076994573,0.018428146,1.77E-07,0.0513395,0.007076928,0,-0.012669454,-0.119721708,0.010164302,-0.047414132,0.20072025,0.012239456,0.095422896,-0.132391162,-0.030172901,0.181205582,0.212959706,0.394165288,,,
1872,0.200068787,0.07773154,0.01909086,1.80E-07,0.052355667,0.007144666,0,-0.013317673,-0.118331262,0.010603885,-0.048672888,0.194550896,0.006560843,0.096822581,-0.131648936,-0.030924337,0.186673762,0.201111739,0.3877855,,,
1873,0.20362247,0.078287397,0.019742681,1.84E-07,0.053371833,0.007195758,0,-0.015522074,-0.133020713,0.010880952,-0.049931644,-0.044495556,-0.00309592,0.098030262,-0.148542788,-0.031854935,0.174626844,-0.047591475,0.127035368,,,
1874,0.207269713,0.079267135,0.020371679,1.97E-07,0.054388,0.00728581,0,-0.016482375,-0.138419066,0.010780856,-0.051190401,0.106271365,-0.011473434,0.099639012,-0.15490144,-0.033123735,0.17327155,0.094797931,0.26806948,,,
1875,0.211464567,0.080244053,0.021011348,2.01E-07,0.055404167,0.007375603,0,-0.015920652,-0.132638927,0.010992036,-0.052449157,0.120713754,-0.02707402,0.101255601,-0.148559579,-0.034081518,0.185483238,0.093639734,0.279122972,,,
1876,0.215637995,0.081067116,0.021581723,2.15E-07,0.056420333,0.007451255,0,-0.018137761,-0.138641831,0.011052829,-0.053707913,0.132862105,-0.034219089,0.102649053,-0.156779591,-0.035203829,0.182723961,0.098643017,0.281366978,,,
1877,0.21986584,0.081966195,0.022075348,2.18E-07,0.0574365,0.007533893,0,-0.017923281,-0.143348066,0.011235253,-0.054952335,0.176541628,-0.03879006,0.104041761,-0.161271347,-0.036183188,0.183889566,0.137751567,0.321641133,,,
1878,0.224260644,0.083005796,0.022601321,2.32E-07,0.058452667,0.007629448,0,-0.018193789,-0.14704759,0.011303405,-0.056063002,0.19277966,-0.044453073,0.10560735,-0.165241379,-0.03713015,0.185949132,0.148326587,0.334275719,,,
1879,0.228406125,0.084270176,0.023101364,2.36E-07,0.059468833,0.007745663,0,-0.021020272,-0.157115507,0.011712776,-0.05717367,0.195367085,-0.043267428,0.107371776,-0.17813578,-0.037715232,0.179395722,0.152099657,0.33149538,,,
1880,0.232945922,0.085690795,0.023604468,2.50E-07,0.060485,0.007876238,0,-0.024168584,-0.1637117,0.012253058,-0.058284338,0.147625142,-0.029351706,0.109295513,-0.187880284,-0.038155042,0.17669111,0.118273437,0.294964547,,,
1881,0.237822679,0.087036031,0.024023901,2.54E-07,0.061501167,0.007999885,0,-0.023619445,-0.167997717,0.012538383,-0.059395006,0.146469021,-0.009991379,0.111060185,-0.191617162,-0.038856738,0.179910131,0.136477643,0.316387774,,,
1882,0.242979018,0.088366302,0.024454018,2.68E-07,0.062517333,0.008122157,0,-0.025487617,-0.169985511,0.012958649,-0.060505674,0.197425674,-0.014125534,0.112820588,-0.195473128,-0.039424869,0.183418943,0.18330014,0.366719083,,,
1883,0.247413402,0.089745552,0.024858469,2.82E-07,0.0635335,0.00824893,0,-0.026124586,-0.168139223,0.013398879,-0.061616342,-0.516673852,-0.017089645,0.114604303,-0.194263809,-0.039968533,0.191318863,-0.533763498,-0.342444635,,,
1884,0.251938884,0.09123481,0.025259027,2.96E-07,0.064549667,0.008385815,0,-0.026202405,-0.176271696,0.013585543,-0.06272701,-1.962339963,0.006108426,0.116494132,-0.202474101,-0.040755652,0.189752929,-1.956231537,-1.766478608,,,
1885,0.257139466,0.092915093,0.025644517,3.00E-07,0.065565833,0.008540257,0,-0.027582937,-0.180447074,0.013703992,-0.063837678,-0.678986833,-0.008368918,0.11855991,-0.208030011,-0.041593429,0.191641769,-0.687355751,-0.495713982,,,
1886,0.2626745,0.094555745,0.025993534,3.14E-07,0.066582,0.008691057,0,-0.026636071,-0.179491359,0.013888124,-0.065084807,-0.118183594,-0.024796335,0.120549594,-0.20612743,-0.042505626,0.201173038,-0.142979929,0.058193109,,,
1887,0.268410967,0.096355691,0.026414745,3.28E-07,0.067598167,0.008856499,0,-0.028261139,-0.188914755,0.014243263,-0.06643047,-0.035164517,-0.034921115,0.122770764,-0.217175894,-0.043330709,0.198273295,-0.070085632,0.128187663,,,
1888,0.274799626,0.098093867,0.026745018,3.43E-07,0.068614333,0.009016262,0,-0.032245526,-0.208925656,0.015039802,-0.067776133,0.137851621,-0.038883664,0.124839228,-0.241171182,-0.043720068,0.183361937,0.098967957,0.282329894,,,
1889,0.281200296,0.099965456,0.027169188,3.57E-07,0.0696305,0.009188289,0,-0.031610567,-0.204106109,0.015000426,-0.069121795,0.192418794,-0.040303317,0.127135002,-0.235716676,-0.04493308,0.197316041,0.152115477,0.349431518,,,
1890,0.287500424,0.10183171,0.027488093,3.72E-07,0.070646667,0.009359825,0,-0.034716929,-0.21865946,0.015766724,-0.070467458,0.010365196,-0.036839987,0.129320175,-0.253376389,-0.045340909,0.188749968,-0.026474791,0.162275177,,,
1891,0.294037419,0.103726501,0.027777803,3.86E-07,0.071662833,0.009533984,0,-0.035082783,-0.2148135,0.016200171,-0.07181312,-0.132772558,-0.011426633,0.13150469,-0.249896283,-0.046078966,0.201229694,-0.144199191,0.057030503,,,
1892,0.300435934,0.105953194,0.028142872,4.01E-07,0.072679,0.00973865,0,-0.035269162,-0.213049106,0.016435621,-0.073158783,0.065306143,0.009493753,0.134096467,-0.248318267,-0.046984513,0.211908621,0.074799896,0.286708517,,,
1893,0.306061695,0.108100907,0.028569547,4.16E-07,0.073695167,0.009936056,0,-0.035797545,-0.216596418,0.016448057,-0.074504446,0.198013587,0.025936771,0.136670869,-0.252393963,-0.048120333,0.215913434,0.223950358,0.439863792,,,
1894,0.311756737,0.10993683,0.029079839,4.30E-07,0.074711333,0.010104804,0,-0.038720966,-0.233133421,0.016644727,-0.075850108,0.198617399,0.045733914,0.1390171,-0.271854387,-0.049100577,0.204530206,0.244351314,0.448881519,,,
1895,0.316961914,0.111508478,0.029615707,4.55E-07,0.0757275,0.010249262,0,-0.039273174,-0.23623776,0.017285754,-0.077151221,0.198660105,0.026997611,0.14112464,-0.275510935,-0.049616206,0.208686914,0.225657716,0.434344629,,,
1896,0.322124601,0.11239191,0.030029645,4.70E-07,0.076743667,0.010330462,0,-0.041941539,-0.23481676,0.017533239,-0.078431118,0.198528234,0.001381449,0.142422025,-0.276758299,-0.050567417,0.213964577,0.199909683,0.41387426,,,
1897,0.327190202,0.113250568,0.030457954,4.86E-07,0.077759833,0.010409385,0,-0.043540746,-0.250533599,0.017936467,-0.079711015,0.198337476,-0.015061569,0.143709007,-0.294074345,-0.051365163,0.203219535,0.183275907,0.386495442,,,
1898,0.332754038,0.114813991,0.030884674,5.11E-07,0.078776,0.010553087,0,-0.046020923,-0.259030975,0.018476474,-0.080990912,0.198121693,-0.022768259,0.145699176,-0.305051898,-0.051961352,0.200215964,0.175353435,0.375569399,,,
1899,0.339018213,0.116670271,0.031429735,5.27E-07,0.079792167,0.010723706,0,-0.052984331,-0.281228573,0.019372823,-0.082270809,0.197890502,-0.031941403,0.148100533,-0.334212904,-0.05217428,0.180523728,0.165949099,0.346472827,,,
1900,0.345814667,0.118526693,0.031978053,5.52E-07,0.080808333,0.010894338,0,-0.056683675,-0.28898308,0.019893529,-0.083719581,0.197646418,-0.037245602,0.150505298,-0.345666755,-0.052931714,0.178529829,0.160400816,0.338930645,,,
1901,0.35180596,0.120366345,0.032573163,5.69E-07,0.0818245,0.011063429,0,-0.058172486,-0.293924722,0.020383199,-0.085654032,0.197420644,-0.046293942,0.152940077,-0.352097208,-0.054207404,0.180265925,0.151126702,0.331392627,,,
1902,0.357531918,0.122586408,0.033488434,8.55E-07,0.082840667,0.011267485,0,-0.060780062,-0.29817046,0.020765332,-0.087588483,-0.038538001,-0.044141061,0.156075697,-0.358950523,-0.055555665,0.181942094,-0.082679062,0.099263032,,,
1903,0.363454995,0.124868886,0.034572211,1.18E-06,0.083856833,0.011477279,0,-0.066363771,-0.310286781,0.021887058,-0.089522934,-0.746985605,-0.025825973,0.159442281,-0.376650552,-0.056158597,0.17394496,-0.772811579,-0.598866618,,,
1904,0.368836724,0.127863224,0.035585163,1.53E-06,0.084873,0.011752502,0,-0.06982657,-0.326488958,0.021948131,-0.091457385,-0.292198413,0.007465677,0.163449921,-0.396315528,-0.057756752,0.163087365,-0.284732736,-0.121645371,,,
1905,0.3748598,0.130846809,0.036586342,1.96E-06,0.085889167,0.012026737,0,-0.074742011,-0.343754872,0.022730365,-0.093391835,0.074350095,-0.007214474,0.167435112,-0.418496883,-0.058634733,0.151052463,0.067135621,0.218188084,,,
1906,0.381578029,0.133999014,0.037593231,2.53E-06,0.086905333,0.012316471,0,-0.079516109,-0.35626072,0.02359464,-0.095296029,0.179251825,0.016794827,0.171594777,-0.435776829,-0.059384918,0.144916392,0.196046653,0.340963045,,,
1907,0.389450214,0.137370351,0.038673933,3.31E-06,0.0879215,0.012626346,0,-0.089723408,-0.392807666,0.025102789,-0.096762094,0.017017952,0.00381514,0.176047591,-0.482531073,-0.059032959,0.111855273,0.020833092,0.132688365,,,
1908,0.397017547,0.140101086,0.039895458,4.31E-06,0.088937667,0.012877341,0,-0.085951351,-0.384012204,0.024457184,-0.09822816,0.129990838,0.011927445,0.18000085,-0.469963555,-0.060893635,0.135098875,0.141918282,0.277017157,,,
1909,0.404538292,0.143035453,0.041129501,4.96E-06,0.089953833,0.013147052,0,-0.089950721,-0.392861823,0.025190261,-0.099694226,0.195610138,-0.004921188,0.184169918,-0.482812544,-0.061356913,0.134492587,0.19068895,0.325181537,,,
1910,0.412471415,0.146001748,0.042451889,6.42E-06,0.09097,0.013419698,0,-0.096233536,-0.415369354,0.02595225,-0.101095847,0.195365312,-0.017354855,0.188460062,-0.51160289,-0.061723899,0.118574688,0.178010457,0.296585145,,,
1911,0.420595837,0.148568272,0.043927941,1.78E-05,0.091986167,0.013655599,0,-0.094958545,-0.407212511,0.026318004,-0.102229036,0.195116361,-0.03532673,0.192514043,-0.502171056,-0.062255434,0.140669558,0.159789631,0.300459189,,,
1912,0.43002845,0.150834947,0.045012666,2.29E-05,0.093002333,0.01386394,0,-0.097912682,-0.412178845,0.02705475,-0.103362226,-0.38742462,-0.042190988,0.195870532,-0.510091528,-0.062443536,0.146366251,-0.429615608,-0.283249357,,,
1913,0.440049004,0.152274127,0.046259717,2.83E-05,0.0940185,0.013996221,0,-0.102547324,-0.431291083,0.028083846,-0.104495416,-0.295387077,-0.040677731,0.198562126,-0.533838407,-0.062415348,0.136375874,-0.336064808,-0.199688934,,,
1914,0.449176327,0.15356473,0.047545754,4.38E-05,0.095034667,0.014114847,0,-0.094240646,-0.412132117,0.026443632,-0.105628605,0.006094919,-0.026980417,0.201154319,-0.506372763,-0.065070126,0.173922424,-0.020885498,0.153036925,,,
1915,0.458454534,0.155116104,0.048747733,6.72E-05,0.096050833,0.014257441,0,-0.091246694,-0.400354861,0.026559167,-0.106761795,0.168086839,0.012769876,0.203931065,-0.491601554,-0.065945187,0.200889691,0.180856715,0.381746406,,,
1916,0.468264562,0.158915466,0.04970562,0.000104486,0.097067,0.014606658,0,-0.101319503,-0.423626744,0.027794163,-0.107894985,0.193406054,0.044751077,0.208725572,-0.524946247,-0.065494164,0.183616723,0.238157132,0.421773855,,,
1917,0.477658801,0.161684796,0.050801626,0.0001484,0.098083167,0.0148612,0,-0.10524101,-0.443299793,0.028573865,-0.109028174,0.193534312,0.065874271,0.212634823,-0.548540803,-0.06559311,0.174242877,0.259408582,0.43365146,,,
1918,0.485442805,0.165225488,0.051491407,0.000182202,0.099099333,0.015186641,0,-0.105344708,-0.444217071,0.028378354,-0.110161364,0.193258531,0.069649613,0.216899096,-0.54956178,-0.066596369,0.185283086,0.262908144,0.44819123,,,
1919,0.491895618,0.169259632,0.051665869,0.000213575,0.1001155,0.015557438,0,-0.090083208,-0.395151496,0.025574091,-0.111333393,0.192976646,0.037013187,0.221139076,-0.485234704,-0.070201865,0.257713625,0.229989833,0.487703458,,,
1920,0.499553733,0.173244187,0.051954158,0.000233612,0.101131667,0.015923677,0,-0.099643585,-0.427212133,0.02772701,-0.112600373,0.192690694,0.006030423,0.225431957,-0.526855718,-0.068949686,0.230311952,0.198721117,0.429033069,,,
1921,0.50579141,0.177046705,0.052357228,0.000249817,0.102696167,0.016273184,0,-0.080706258,-0.371298899,0.02561123,-0.113867353,0.192400605,-0.013142697,0.22965375,-0.452005158,-0.071982939,0.31415323,0.179257908,0.493411138,,,
1922,0.511860486,0.180711793,0.05283514,0.000277262,0.104260667,0.016610059,0,-0.083967397,-0.375509241,0.026354188,-0.115134334,0.053422576,-0.030646554,0.233824194,-0.459476638,-0.072170086,0.318298623,0.022776021,0.341074645,,,
1923,0.51757994,0.183900491,0.053905155,0.000321117,0.105825167,0.016903147,0,-0.089986364,-0.426500124,0.029600396,-0.116401314,0.117710271,-0.034624704,0.238126763,-0.516486489,-0.069897771,0.275147611,0.083085567,0.358233178,,,
1924,0.523889065,0.186180306,0.05441174,0.000365818,0.107389667,0.017112696,0,-0.089211463,-0.411096508,0.029524375,-0.117668294,0.191505641,-0.026902414,0.240957865,-0.500307971,-0.071031223,0.300897403,0.164603227,0.46550063,,,
1925,0.527023016,0.187609271,0.054598261,0.000419791,0.108954167,0.017244038,5.60E-05,-0.089312715,-0.413662644,0.029882853,-0.118935274,0.191199065,-0.00576362,0.242627323,-0.502975359,-0.07175237,0.303876777,0.185435445,0.489312222,,,
1926,0.529398692,0.188368629,0.054762411,0.000486484,0.110518667,0.017313835,0.000114298,-0.096430734,-0.420671828,0.02955478,-0.120202254,0.190888422,0.022551444,0.243617524,-0.517102561,-0.073219341,0.29321298,0.213439865,0.506652845,,,
1927,0.533249292,0.189510949,0.05495322,0.000535329,0.112083167,0.01741883,0.000197241,-0.103896306,-0.443079369,0.030259123,-0.121469234,0.190573622,0.046248734,0.244999498,-0.546975675,-0.073594039,0.269762242,0.236822355,0.506584598,,,
1928,0.535820363,0.192066342,0.055299211,0.00060175,0.113647667,0.017653708,0.000277529,-0.108058435,-0.444222468,0.02945949,-0.122736214,0.151860601,0.03071055,0.247967303,-0.552280903,-0.075345487,0.269808944,0.182571152,0.452380095,,,
1929,0.538642436,0.195216341,0.055518605,0.000695929,0.115212167,0.01794324,0.00038524,-0.119633298,-0.471812855,0.030198079,-0.124003195,-0.036809137,0.022754251,0.251430876,-0.591446153,-0.075476637,0.238362689,-0.014054886,0.224307804,,,
1930,0.540726081,0.198335338,0.055699055,0.000800821,0.116776667,0.018229921,0.000448609,-0.113201006,-0.457288073,0.028189666,-0.125270176,0.189604587,0.022972659,0.254835214,-0.57048908,-0.07840198,0.263446902,0.212577247,0.476024148,,,
1931,0.544191404,0.20085549,0.056374648,0.000924436,0.118741167,0.01846156,0.000514051,-0.097472185,-0.397685452,0.02656491,-0.126537157,0.189273354,0.000741824,0.258154574,-0.495157637,-0.080996636,0.344932872,0.190015178,0.534948051,,,
1932,0.548894005,0.203173824,0.056737887,0.001048295,0.120705667,0.018674649,0.000556486,-0.084540164,-0.371995747,0.025131414,-0.127804139,0.003710881,-0.015810397,0.260960006,-0.456535911,-0.08344159,0.390582177,-0.012099516,0.378482661,,,
1933,0.554274046,0.205542532,0.057281443,0.001177029,0.122670167,0.018892368,0.000689323,-0.091419883,-0.383023786,0.025780982,-0.12907112,0.150507616,-0.022737057,0.264001004,-0.474443669,-0.083708448,0.3827931,0.127770559,0.510563659,,,
1934,0.560975559,0.208241329,0.057635237,0.00132286,0.124634667,0.019140427,0.000809434,-0.102444931,-0.423478526,0.026934669,-0.130338102,0.188254931,-0.015030368,0.267199426,-0.525923458,-0.083453572,0.343432622,0.173224564,0.516657186,,,
1935,0.568725566,0.210973193,0.058073411,0.001502588,0.126599167,0.019391525,0.000972925,-0.111994592,-0.442765289,0.027676848,-0.131605083,0.187907245,0.011584232,0.270549192,-0.55475988,-0.083563786,0.327550258,0.199491477,0.527041735,,,
1936,0.58259102,0.213409874,0.058652391,0.001736553,0.128563667,0.019615491,0.001172342,-0.120958115,-0.477825724,0.029050178,-0.132872065,0.18755543,0.069243997,0.273798818,-0.598783839,-0.083034053,0.303135612,0.256799427,0.559935039,,,
1937,0.595836416,0.21570632,0.059387457,0.001990405,0.130528167,0.019826569,0.00143426,-0.131806531,-0.49531408,0.030011139,-0.134139047,0.187199505,0.072535721,0.277084182,-0.627120611,-0.082867078,0.293461076,0.259735226,0.553196302,,,
1938,0.60510606,0.217905364,0.060250801,0.002244349,0.132492667,0.020028693,0.001509146,-0.121218468,-0.459137863,0.028734667,-0.135406028,0.186839456,0.062098929,0.280400514,-0.580356331,-0.085133522,0.352509388,0.248938385,0.601447772,,,
1939,0.614841441,0.221101481,0.060953918,0.002512179,0.134457167,0.020322463,0.001714328,-0.131511162,-0.494106362,0.029723554,-0.13667301,0.186475299,0.05919722,0.284567578,-0.625617524,-0.084912666,0.323335996,0.245672519,0.569008515,,,
1940,0.623656317,0.222730124,0.061790076,0.002820858,0.136421667,0.020472159,0.001948714,-0.147204827,-0.521360509,0.031074799,-0.137706442,0.186107024,0.039774491,0.287341058,-0.668565335,-0.08421077,0.294642936,0.225881514,0.52052445,,,
1941,0.631538084,0.224309953,0.062672063,0.003185949,0.1395045,0.020617368,0.002147978,-0.151559721,-0.53461969,0.032055192,-0.138370093,0.185734648,0.0240647,0.290167965,-0.686179412,-0.083549554,0.291481583,0.209799348,0.501280932,,,
1942,0.637764205,0.226811752,0.063652651,0.003644944,0.142587333,0.02084732,0.00217498,-0.155259311,-0.552553511,0.032774778,-0.139033743,0.185358123,0.005593607,0.294109347,-0.707812821,-0.083236665,0.2834114,0.19095173,0.47436313,,,
1943,0.641454027,0.229057437,0.065935592,0.004196242,0.145670167,0.021053732,0.002438296,-0.156095603,-0.555073761,0.033318593,-0.139697394,0.184977504,-0.013064694,0.299189272,-0.711169364,-0.082886774,0.292257327,0.17191281,0.464170137,,,
1944,0.641698047,0.230873854,0.066724816,0.004850983,0.148753,0.021220687,0.002966865,-0.151859125,-0.548041636,0.033161212,-0.140361045,0.184592765,-0.007869699,0.302449653,-0.699900761,-0.083012281,0.309987658,0.176723066,0.486710724,,,
1945,0.641041045,0.232405508,0.067543152,0.005463773,0.151835833,0.021361468,0.003006577,-0.131394312,-0.488608962,0.029680692,-0.141024696,0.184203942,0.02751243,0.305412433,-0.620003274,-0.086975958,0.391310079,0.211716372,0.603026451,,,
1946,0.640967452,0.234582345,0.0682629,0.006298048,0.154918667,0.021561552,0.003178718,-0.128738652,-0.477024046,0.030272583,-0.141688347,0.183810953,0.04456387,0.309143292,-0.605762698,-0.086675494,0.412591218,0.228374823,0.640966041,,,
1947,0.642502919,0.237576841,0.068569894,0.007172867,0.1580015,0.02183679,0.003506801,-0.149664269,-0.510108372,0.029963199,-0.142351998,0.18341388,0.090055179,0.313319602,-0.65977264,-0.087045208,0.367006172,0.273469058,0.640475231,,,
1948,0.642960754,0.240568206,0.068739852,0.008120656,0.161084333,0.02211174,0.003907138,-0.1592308,-0.535016253,0.030119567,-0.143015649,0.183012698,0.105624564,0.317428714,-0.694247052,-0.086877204,0.340349546,0.288637262,0.628986807,,,
1949,0.644761332,0.242919323,0.068901476,0.009102756,0.164167167,0.022327842,0.003832337,-0.140451808,-0.51185933,0.031580518,-0.143679299,0.182607381,0.090601199,0.320923555,-0.652311138,-0.085938603,0.391602312,0.27320858,0.664810893,,,
1950,0.647938769,0.244642726,0.069413527,0.010104723,0.16725,0.022486248,0.004596029,-0.153569255,-0.554649866,0.032107859,-0.14434295,0.182197972,0.056950736,0.324160976,-0.708219121,-0.085152815,0.34597781,0.239148708,0.585126518,,,
1951,0.651184717,0.247115961,0.069851654,0.011165095,0.172705,0.022713574,0.005038391,-0.163095383,-0.544408055,0.032707823,-0.146861908,0.181784427,0.012457865,0.328132709,-0.707503438,-0.08640212,0.358116868,0.194242291,0.552359159,,,
1952,0.656809734,0.249834571,0.070442223,0.012216674,0.17816,0.022963454,0.005325874,-0.17089121,-0.561793721,0.03291171,-0.149508996,0.181366773,0.010445389,0.332493468,-0.732684931,-0.088307958,0.346470313,0.191812162,0.538282475,,,
1953,0.663485282,0.254288567,0.071529602,0.013402045,0.183615,0.023372842,0.005626946,-0.176523944,-0.578696197,0.032895981,-0.152156084,0.18094502,-0.002612301,0.339220214,-0.755220141,-0.090260315,0.34084004,0.178332719,0.519172759,,,
1954,0.669749364,0.259713225,0.072278037,0.014759222,0.18907,0.023871447,0.005909296,-0.179769393,-0.587707135,0.033441274,-0.154803172,0.180519124,-0.002456296,0.346750485,-0.767476528,-0.091581155,0.346512166,0.178062828,0.524574995,,,
1955,0.67521556,0.265665816,0.073310923,0.016302962,0.194525,0.024418578,0.006533776,-0.19695111,-0.621521834,0.034836837,-0.157450261,0.180089122,0.02484473,0.355279701,-0.818472944,-0.09166107,0.314886248,0.204933852,0.519820099,,,
1956,0.680026208,0.272658922,0.074502086,0.018070402,0.19998,0.025061346,0.007066575,-0.211796497,-0.667798491,0.036416677,-0.160097349,0.179655026,0.084984989,0.365231409,-0.879594988,-0.09155275,0.274089879,0.264640015,0.538729894,,,
1957,0.685026535,0.279723693,0.07562807,0.020077146,0.205435,0.025710702,0.007328086,-0.221861759,-0.700858715,0.037126707,-0.162744437,0.179216783,0.14092869,0.37542891,-0.922720473,-0.092578941,0.25059103,0.320145473,0.570736503,,,
1958,0.691057706,0.285274157,0.076532163,0.022211467,0.21089,0.026220871,0.007754373,-0.221853764,-0.686045862,0.039038801,-0.165391525,0.178774449,0.148338968,0.384017787,-0.907899626,-0.092377479,0.285688387,0.327113417,0.612801804,,,
1959,0.698992453,0.289979361,0.077281641,0.024438838,0.216345,0.026653348,0.00817217,-0.231242861,-0.702380126,0.040601082,-0.168038613,0.178327997,0.116669779,0.39169984,-0.933622987,-0.092612012,0.280802294,0.294997776,0.57580007,,,
1960,0.713138731,0.293195326,0.078318038,0.026967938,0.2218,0.026948943,0.008725808,-0.246524414,-0.731215119,0.042214795,-0.169433433,0.177877443,0.094969364,0.398481301,-0.977739533,-0.091543888,0.264136612,0.272846806,0.536983418,,,
1961,0.724741282,0.295712586,0.079438178,0.029916517,0.227815,0.027180316,0.009513187,-0.25880768,-0.757305938,0.041403692,-0.170139322,0.166289319,0.046872757,0.405067281,-1.016113618,-0.092042128,0.249467817,0.213162077,0.462629894,,,
1962,0.737557901,0.301872899,0.080621191,0.033305712,0.23383,0.027746539,0.01042091,-0.262500165,-0.759634858,0.042145158,-0.170845211,-0.024382967,0.013456302,0.415799802,-1.022135022,-0.090532604,0.274520076,-0.010926665,0.263593411,,,
1963,0.747932423,0.310374718,0.081926674,0.037257282,0.239845,0.02852798,0.011113301,-0.279705636,-0.809489052,0.043364239,-0.1715511,-0.912732776,0.001880667,0.429558673,-1.089194688,-0.08854558,0.239595828,-0.910852108,-0.67125628,,,
1964,0.759624588,0.318050728,0.083150103,0.04183157,0.24586,0.029233518,0.011843929,-0.288411755,-0.800015949,0.043625026,-0.172256988,-0.665329648,-0.003485934,0.443032401,-1.088427704,-0.087554516,0.272534769,-0.668815582,-0.396280813,,,
1965,0.767832658,0.324344302,0.084387321,0.047012418,0.251875,0.029811989,0.012632899,-0.300948254,-0.819980339,0.04437138,-0.172962877,-0.344913345,-0.000490622,0.45574404,-1.120928592,-0.086146609,0.268376497,-0.345403967,-0.07702747,,,
1966,0.786067742,0.329452707,0.085791497,0.052785154,0.25789,0.030281527,0.013802083,-0.312714296,-0.832369556,0.044807549,-0.173668766,0.108734289,0.025141141,0.468029357,-1.145083852,-0.084777607,0.282125639,0.13387543,0.416001069,,,
1967,0.79625609,0.334922541,0.087191525,0.059244569,0.263905,0.030784284,0.015750191,-0.321439331,-0.85355694,0.044272572,-0.174374655,-0.151840982,0.056857132,0.481358635,-1.174996271,-0.083567608,0.282955846,-0.09498385,0.187971996,,,
1968,0.811741993,0.342777602,0.088580055,0.066502155,0.26992,0.03150628,0.017704967,-0.338785297,-0.867354655,0.045271517,-0.175080544,-0.035009438,0.073596561,0.497859812,-1.206139953,-0.08059778,0.292784073,0.038587123,0.331371195,,,
1969,0.82638273,0.350713605,0.089976118,0.074611729,0.275935,0.032235714,0.018600922,-0.350311184,-0.879602597,0.046710364,-0.175786432,0.051402268,0.076576273,0.515301452,-1.229913781,-0.078239432,0.309465969,0.127978541,0.437444509,,,
1970,0.852440767,0.360394878,0.091371077,0.083552402,0.28195,0.033125565,0.01929367,-0.377075366,-0.92315265,0.0478206,-0.176492321,0.047264237,0.078510745,0.535318357,-1.300228015,-0.076252486,0.293228623,0.125774982,0.419003605,,,
1971,0.86280905,0.36922368,0.092799236,0.093223649,0.287021667,0.033937061,0.020520164,-0.37654345,-0.930222658,0.049236343,-0.177196087,-0.089890468,0.049836868,0.555246565,-1.306766108,-0.073502518,0.324808656,-0.040053599,0.284755057,,,
1972,0.895787373,0.377171205,0.094250308,0.103762371,0.292093333,0.034667555,0.021441562,-0.39252119,-0.983472704,0.050503135,-0.177836047,0.025605628,0.048058402,0.575183883,-1.375993895,-0.071223795,0.3158469,0.073664029,0.389510929,,,
1973,0.938885723,0.383064895,0.095744061,0.11551587,0.297165,0.035209272,0.022301387,-0.405720734,-0.98334245,0.052144547,-0.178476008,0.156062684,0.019290921,0.594324827,-1.389063184,-0.068820802,0.372491565,0.175353605,0.54784517,,,
1974,0.952973086,0.388800042,0.097291243,0.12851926,0.302236667,0.035736416,0.021280358,-0.397713452,-0.976473363,0.052412291,-0.179115968,0.024223704,0.005172391,0.614610545,-1.374186815,-0.069686903,0.42594658,0.029396095,0.455342675,,,
1975,0.954008109,0.395499645,0.098887494,0.141747141,0.307308333,0.036352207,0.021934494,-0.388171522,-0.959644084,0.053795768,-0.179755928,-0.223082429,0.005484403,0.63613428,-1.347815605,-0.067673459,0.481961657,-0.217598026,0.264363631,,,
1976,0.96589819,0.402911208,0.100528933,0.1547064,0.31238,0.037033438,0.021697307,-0.406917335,-1.007515881,0.05555613,-0.180395889,0.036954312,0.000835428,0.658146541,-1.414433216,-0.066109013,0.455882502,0.03778974,0.493672242,,,
1977,0.995975585,0.410778889,0.10221261,0.167604723,0.317451667,0.037756593,0.022969761,-0.406026583,-1.015155186,0.057821724,-0.181035849,0.121601632,0.030944559,0.680596221,-1.421181769,-0.062487771,0.510353933,0.15254619,0.662900123,,,
1978,1.023399542,0.418857336,0.103964174,0.18036111,0.322523333,0.038499121,0.023587104,-0.401130277,-1.02745739,0.06003292,-0.181675809,0.146588282,0.077059891,0.70318262,-1.428587667,-0.059556665,0.560961163,0.223648173,0.784609337,,,
1979,1.049676154,0.426899862,0.105787566,0.19213017,0.327595,0.039238347,0.024395965,-0.408128809,-1.041214698,0.061665557,-0.18231577,0.131145784,0.115858548,0.724817598,-1.449343506,-0.057015901,0.595729346,0.247004332,0.842733678,,,
1980,1.085713182,0.434675382,0.10801496,0.203952661,0.332666667,0.039953031,0.02429474,-0.409571679,-1.035092444,0.06090036,-0.18295573,0.085954727,0.108214261,0.746643003,-1.444664123,-0.057807599,0.662551129,0.194168988,0.856720117,,,
1981,1.105400629,0.441948812,0.11081173,0.21544124,0.335325,0.040621565,0.023618731,-0.39574268,-1.009062393,0.061050468,-0.18359569,0.053912348,0.110757157,0.768201782,-1.404805073,-0.058304926,0.745817411,0.164669504,0.910486915,,,
1982,1.117828448,0.448494059,0.114729918,0.226754007,0.337983333,0.04122317,0.023684678,-0.393322084,-1.044446894,0.061657404,-0.184255102,-0.291765125,0.067418729,0.789977984,-1.437768978,-0.05768985,0.750330938,-0.224346397,0.525984541,,,
1983,1.145238046,0.454133519,0.116625556,0.238170233,0.340641667,0.041741518,0.023868323,-0.376303348,-0.980528843,0.062665568,-0.184995536,-0.753385418,0.06559346,0.808929307,-1.356832191,-0.056720126,0.881256703,-0.687791958,0.193464745,,,
1984,1.170417192,0.458986729,0.118901862,0.249614052,0.3433,0.042187599,0.025211795,-0.378777983,-1.000731273,0.064427992,-0.18573597,-0.289745783,0.014610745,0.827502642,-1.379509256,-0.053908584,0.907801995,-0.275135037,0.632666957,,,
1985,1.194203733,0.464055466,0.120727205,0.262473339,0.345958333,0.042653491,0.025836101,-0.378903208,-1.009095597,0.065285476,-0.186476403,-0.025879272,-0.002612301,0.84725601,-1.387998806,-0.052701335,0.946717934,-0.028491573,0.918226361,,,
1986,1.216928499,0.469165855,0.12374067,0.276504632,0.348616667,0.04312321,0.027267327,-0.37386955,-1.011662157,0.067167928,-0.187216837,-0.027459557,-0.000490622,0.869411157,-1.385531707,-0.049658372,0.999766244,-0.027950179,0.971816065,,,
1987,1.245030758,0.473183485,0.124369066,0.291172718,0.351275,0.043492489,0.028399934,-0.383951783,-1.04384105,0.069003339,-0.187957271,0.050499119,0.010382987,0.888725269,-1.427792833,-0.047061508,1.010176686,0.060882106,1.071058792,,,
1988,1.285429167,0.478249272,0.126699476,0.306890047,0.353933333,0.043958109,0.029610475,-0.377745545,-1.048702026,0.071140202,-0.188697705,0.104509137,0.055406278,0.911838795,-1.42644757,-0.043988919,1.080764806,0.159915414,1.24068022,,,
1989,1.3116262,0.483667146,0.130186757,0.320795428,0.356591667,0.044456091,0.030714718,-0.375687308,-1.035808826,0.072094221,-0.189438138,0.141584426,0.117262601,0.934649331,-1.411496134,-0.042173108,1.149197955,0.258847027,1.408044983,,,
1990,1.330290767,0.486676462,0.133255023,0.332664082,0.35925,0.044732691,0.031001318,-0.375212304,-1.054072891,0.074262742,-0.190178572,0.137264285,0.105827371,0.952595566,-1.429285195,-0.040181821,1.172669318,0.243091657,1.415760975,,,
1991,1.350951007,0.491944172,0.135561025,0.342172174,0.363201667,0.045216871,0.029832654,-0.391817188,-1.132584718,0.073868461,-0.190643789,-0.575037909,0.104111307,0.969677371,-1.524401905,-0.041725803,1.117702336,-0.470926602,0.646775734,,,
1992,1.3619604,0.494914624,0.137286441,0.350296965,0.367153333,0.045489899,0.030071079,-0.353862826,-1.006688361,0.072423831,-0.19097794,-1.787631211,0.083346927,0.982498029,-1.360551187,-0.042993131,1.308067445,-1.704284284,-0.396216839,,,
1993,1.373267556,0.495683029,0.138336054,0.355139726,0.371105,0.045560527,0.030334797,-0.349685802,-1.016130359,0.072092754,-0.19131209,-0.793963177,0.034485892,0.989158809,-1.365816161,-0.043324012,1.324391191,-0.759477285,0.564913906,,,
1994,1.396760312,0.497845889,0.140124681,0.359067804,0.375056667,0.045759325,0.031569545,-0.355521435,-1.067026719,0.072425346,-0.191646241,-0.087425647,0.004907181,0.997038374,-1.422548153,-0.041892024,1.304415175,-0.082518466,1.22189671,,,
1995,1.425303275,0.499775258,0.142095767,0.362646911,0.379008333,0.045936662,0.032262229,-0.328136067,-1.012984498,0.073844451,-0.191980391,0.085922264,-0.00070903,1.004517936,-1.341120566,-0.039937049,1.42777193,0.085213234,1.512985164,,,
1996,1.452627327,0.500571345,0.144922368,0.365822234,0.38296,0.046009834,0.033709879,-0.319041648,-0.98435634,0.073416104,-0.192314541,0.148747981,-0.012908688,1.011315947,-1.303397988,-0.039178724,1.504326562,0.135839293,1.640165855,,,
1997,1.469639193,0.501871682,0.14768741,0.368188154,0.386911667,0.046129354,0.03500659,-0.356592121,-1.103597814,0.073239884,-0.192648692,0.169317688,0.003503128,1.017747247,-1.460189935,-0.038272863,1.375835308,0.172820817,1.548656125,,,
1998,1.51030064,0.505874101,0.150204091,0.370531595,0.390863333,0.046497235,0.035811571,-0.338890701,-1.084574266,0.070242704,-0.192982842,0.170976097,0.05039849,1.026609787,-1.423464967,-0.040431331,1.463877462,0.221374587,1.685252049,,,
1999,1.542451077,0.508839039,0.153449436,0.372722197,0.394815,0.046769757,0.037126423,-0.303305833,-0.959692574,0.069361399,-0.193316992,0.17446292,0.084906986,1.035010672,-1.262998407,-0.040059413,1.669218928,0.259369906,1.928588833,,,
2000,1.560589118,0.509298575,0.156697931,0.374831025,0.398766667,0.046811995,0.038652375,-0.301088661,-0.920100234,0.068669313,-0.193651143,0.175109766,0.110008328,1.040827532,-1.221188895,-0.03951746,1.739476961,0.285118094,2.024595055,,,
2001,1.584600767,0.508688255,0.159142496,0.376735817,0.402852381,0.046755897,0.037784336,-0.298151678,-0.92240355,0.069730185,-0.193985293,0.169849353,0.099446732,1.044566567,-1.220555228,-0.039714874,1.771749613,0.269296084,2.041045697,,,
2002,1.615020606,0.509007563,0.161250054,0.378449477,0.406938095,0.046785246,0.0383498,-0.316747943,-0.995662362,0.07083345,-0.194319444,0.176633147,0.10473533,1.048707093,-1.312410306,-0.038350947,1.719904542,0.281368477,2.001273019,,,
2003,1.653404701,0.510595865,0.163540975,0.37993257,0.41102381,0.046931235,0.03817914,-0.332653567,-1.023275487,0.072814253,-0.194653594,0.160278112,0.043362625,1.05406941,-1.355929055,-0.036728966,1.7258399,0.203640737,1.929480637,,,
2004,1.680655402,0.510324616,0.165674848,0.381569985,0.415109524,0.046906303,0.040688654,-0.329384433,-1.02788365,0.07618339,-0.194987744,0.171193017,0.016576419,1.057569448,-1.357268082,-0.031209397,1.764856895,0.187769436,1.95262633,,,
2005,1.710912562,0.50952696,0.167993347,0.38327986,0.419195238,0.046832987,0.042420987,-0.340761522,-1.057080816,0.078142778,-0.195321895,0.143467141,-0.009882175,1.060800167,-1.397842338,-0.027925143,1.765140487,0.133584966,1.898725453,,,
2006,1.742651279,0.509574562,0.170727385,0.384915239,0.423280952,0.046837362,0.043094825,-0.358829862,-1.077441831,0.079359026,-0.195656045,0.128362066,-0.0158884,1.065217186,-1.436271692,-0.026364832,1.768512893,0.112473666,1.880986558,,,
2007,1.768191805,0.512215152,0.173134039,0.386828031,0.427366667,0.047080071,0.04420179,-0.335417804,-1.058903939,0.081129202,-0.195990195,0.114754039,-0.027401633,1.072177222,-1.394321743,-0.023579133,1.849834818,0.087352406,1.937187224,,,
2008,1.799056895,0.514656002,0.176043923,0.388826741,0.4326,0.047304421,0.044006157,-0.321557022,-1.018016526,0.082698337,-0.196324346,0.131293399,-0.029882126,1.079526666,-1.339573547,-0.022315431,1.949294583,0.101411273,2.050705856,,,
2009,1.821010435,0.516520632,0.178305668,0.390503982,0.437833333,0.047475807,0.041663507,-0.292346112,-0.973227684,0.083343108,-0.196658496,0.104192286,-0.029944528,1.085330282,-1.265573796,-0.024176075,2.054424179,0.074247758,2.128671937,,,
2010,1.854238777,0.518485105,0.181127171,0.392349372,0.443066667,0.047656371,0.043813941,-0.273898414,-0.991607062,0.084909526,-0.196992647,0.136801577,-0.007791696,1.091961649,-1.265505476,-0.020612809,2.103148808,0.129009881,2.232158689,,,
2011,1.881501355,0.520509703,0.184365112,0.394167132,0.450116667,0.047842461,0.045183787,-0.28026949,-0.966086679,0.084946734,-0.197326797,0.09815763,0.026576395,1.099041947,-1.246356168,-0.019353814,2.164949986,0.124734025,2.289684011,,,
2012,1.910524576,0.522397133,0.187147859,0.395692585,0.457166667,0.048015944,0.04584138,-0.282657765,-0.99168012,0.085193928,-0.197660947,0.133749723,0.040944534,1.105237577,-1.274337885,-0.018609695,2.17998124,0.174694257,2.354675497,,,
2013,1.94988209,0.524410384,0.190102803,0.397484858,0.464216667,0.048200991,0.046761828,-0.259596954,-0.927329402,0.084676611,-0.197995098,0.156764925,0.049212845,1.111998045,-1.186926356,-0.018355667,2.320814779,0.20597777,2.526792549,,,
2014,1.977306603,0.527841921,0.19366239,0.399192165,0.471266667,0.0485164,0.048360226,-0.254665057,-0.938625942,0.083885395,-0.198329248,0.138417929,0.059103616,1.120696475,-1.193290998,-0.017567228,2.358411518,0.197521546,2.555933064,,,
2015,2.010013295,0.531999278,0.196590082,0.400865135,0.4674,0.048898522,0.050998629,-0.228509988,-0.888940114,0.082636932,-0.198663398,0.109649891,0.029197293,1.129454496,-1.117450102,-0.016129316,2.473288372,0.138847184,2.612135556,,,
2016,2.058493017,0.535044203,0.199148932,0.402647389,0.463533333,0.049178395,0.053423854,-0.219797552,-0.867453581,0.081655431,-0.198997549,0.127189225,-0.007587226,1.136840523,-1.087251133,-0.014739868,2.556875871,0.119601999,2.67647787,,,
2017,2.088685939,0.537665448,0.202032945,0.404627315,0.459666667,0.049419326,0.056724849,-0.211977535,-0.85083964,0.081291636,-0.199331699,0.15061352,-0.017466581,1.144325708,-1.062817175,-0.011895888,2.617965251,0.133146939,2.75111219,,,
2018,2.12207989,0.540821123,0.205654041,0.406604926,0.467066667,0.049709378,0.0574,-0.215539914,-0.849967733,0.080727748,-0.19966585,0.139916949,-0.021467554,1.15308009,-1.065507646,-0.011828723,2.664890277,0.118449395,2.783339671,,,
2019,2.156277925,0.543982988,0.208462635,0.408064433,0.474466667,0.05,0.057534928,-0.215561938,-0.842778328,0.08,-0.2,0.139916949,-0.022172872,1.160510056,-1.058340267,-0.012465072,2.72044931,0.117744077,2.838193387,,,
2020,2.218958602,0.560573093,0.208076191,0.404281198,0.452889099,0.051524873,0.054706187,-0.177135939,-0.876038975,0.097015845,-0.200936533,0.055367172,-0.016968634,1.172930482,-1.058340267,-0.012465072,2.793913642,0.038398538,2.83231218,,,
2021,2.258621068,0.564520224,0.210441742,0.405336483,0.454208504,0.051887673,0.056622945,-0.180863196,-0.872625238,0.095862942,-0.201862205,0.041525379,0.019557242,1.180298449,-1.053174914,-0.012465072,2.842150942,0.061082621,2.903233563,,,
2022,2.298231597,0.568251474,0.212824496,0.406141398,0.455407672,0.052230629,0.058539703,-0.184590453,-0.869246734,0.094710038,-0.202777016,0.027683586,0.059393061,1.187217369,-1.053488433,-0.012465072,2.889722805,0.087076647,2.976799451,,,
2023,2.337816653,0.571827406,0.215220321,0.406422697,0.456566799,0.05255931,0.060456461,-0.18831771,-0.865905948,0.093557134,-0.203680964,0.013841793,0.081981598,1.193470425,-1.053837187,-0.012465072,2.936522158,0.095823391,3.032345549,,,
2024,2.377389258,0.575260347,0.217632268,0.406333902,0.457742547,0.052874847,0.062373218,-0.192044967,-0.862461621,0.092404231,-0.204574051,0,0.090837254,1.199226517,-1.054223659,-0.012465072,2.982929978,0.090837254,3.073767233,,,
